Datetime,Predicted_Close,is_forecast,prediction_diff,trade_signal
2025-07-21 19:30:00+00:00,6307.4599609375,False,,
2025-07-22 14:30:00+00:00,6296.97998046875,False,-10.47998046875,SELL
2025-07-22 15:30:00+00:00,6292.3701171875,False,-4.60986328125,SELL
2025-07-22 16:30:00+00:00,6310.85986328125,False,18.48974609375,BUY
2025-07-22 17:30:00+00:00,6305.10009765625,False,-5.759765625,SELL
2025-07-22 18:30:00+00:00,6312.77978515625,False,7.6796875,BUY
2025-07-22 19:30:00+00:00,6309.1298828125,False,-3.64990234375,SELL
2025-07-23 14:30:00+00:00,6328.52978515625,False,19.39990234375,BUY
2025-07-23 15:30:00+00:00,6337.22021484375,False,8.6904296875,BUY
2025-07-23 16:30:00+00:00,6341.6201171875,False,4.39990234375,BUY
2025-07-23 17:30:00+00:00,6353.22021484375,False,11.60009765625,BUY
2025-07-23 18:30:00+00:00,6353.990234375,False,0.77001953125,
2025-07-23 19:30:00+00:00,6359.91015625,False,5.919921875,BUY
2025-07-24 14:30:00+00:00,6375.4599609375,False,15.5498046875,BUY
2025-07-24 15:30:00+00:00,6366.14990234375,False,-9.31005859375,SELL
2025-07-24 16:30:00+00:00,6373.97021484375,False,7.8203125,BUY
2025-07-24 17:30:00+00:00,6377.6298828125,False,3.65966796875,BUY
2025-07-24 18:30:00+00:00,6375.06005859375,False,-2.56982421875,SELL
2025-07-24 19:30:00+00:00,6364.02001953125,False,-11.0400390625,SELL
2025-07-25 14:30:00+00:00,6380.72021484375,False,16.7001953125,BUY
2025-07-25 15:30:00+00:00,6388.169921875,False,7.44970703125,BUY
2025-07-25 16:30:00+00:00,6390.7998046875,False,2.6298828125,BUY
2025-07-25 17:30:00+00:00,6393.47021484375,False,2.67041015625,BUY
2025-07-25 18:30:00+00:00,6393.41015625,False,-0.06005859375,
2025-07-25 19:30:00+00:00,6389.58984375,False,-3.8203125,SELL
2025-07-28 14:30:00+00:00,6391.08984375,False,1.5,BUY
2025-07-28 15:30:00+00:00,6394.259765625,False,3.169921875,BUY
2025-07-28 16:30:00+00:00,6383.25,False,-11.009765625,SELL
2025-07-28 17:30:00+00:00,6380.10986328125,False,-3.14013671875,SELL
2025-07-28 18:30:00+00:00,6380.39990234375,False,0.2900390625,
2025-07-28 19:30:00+00:00,6389.580078125,False,9.18017578125,BUY
2025-07-29 14:30:00+00:00,6372.85986328125,False,-16.72021484375,SELL
2025-07-29 15:30:00+00:00,6376.31982421875,False,3.4599609375,BUY
2025-07-29 16:30:00+00:00,6382.4599609375,False,6.14013671875,BUY
2025-07-29 17:30:00+00:00,6373.47021484375,False,-8.98974609375,SELL
2025-07-29 18:30:00+00:00,6371.169921875,False,-2.30029296875,SELL
2025-07-29 19:30:00+00:00,6371.6298828125,False,0.4599609375,
2025-07-30 14:30:00+00:00,6373.39990234375,False,1.77001953125,BUY
2025-07-30 15:30:00+00:00,6385.97021484375,False,12.5703125,BUY
2025-07-30 16:30:00+00:00,6382.4599609375,False,-3.51025390625,SELL
2025-07-30 17:30:00+00:00,6387.91015625,False,5.4501953125,BUY
2025-07-30 18:30:00+00:00,6340.60009765625,False,-47.31005859375,SELL
2025-07-30 19:30:00+00:00,6364.830078125,False,24.22998046875,BUY
2025-07-31 14:30:00+00:00,6382.27978515625,False,17.44970703125,BUY
2025-07-31 15:30:00+00:00,6400.81982421875,False,18.5400390625,BUY
2025-07-31 16:30:00+00:00,6368.02001953125,False,-32.7998046875,SELL
2025-07-31 17:30:00+00:00,6361.6201171875,False,-6.39990234375,SELL
2025-07-31 18:30:00+00:00,6347.52001953125,False,-14.10009765625,SELL
2025-07-31 19:30:00+00:00,6341.5400390625,False,-5.97998046875,SELL
2025-08-01 14:30:00+00:00,6234.25,False,-107.2900390625,SELL
2025-08-01 15:30:00+00:00,6261.97021484375,False,27.72021484375,BUY
2025-08-01 16:30:00+00:00,6224.3798828125,False,-37.59033203125,SELL
2025-08-01 17:30:00+00:00,6235.02978515625,False,10.64990234375,BUY
2025-08-01 18:30:00+00:00,6237.22021484375,False,2.1904296875,BUY
2025-08-01 19:30:00+00:00,6237.2998046875,False,0.07958984375,
2025-08-04 14:30:00+00:00,6309.97021484375,False,72.67041015625,BUY
2025-08-04 15:30:00+00:00,6317.10009765625,False,7.1298828125,BUY
2025-08-04 16:30:00+00:00,6322.39013671875,False,5.2900390625,BUY
2025-08-04 17:30:00+00:00,6319.35009765625,False,-3.0400390625,SELL
2025-08-04 18:30:00+00:00,6321.68017578125,False,2.330078125,BUY
2025-08-04 19:30:00+00:00,6323.443606807152,False,1.7634310259018093,BUY
2025-08-05 14:30:00+00:00,6323.089413395966,False,-0.35419341118540615,
2025-08-05 15:30:00+00:00,6318.941205668583,False,-4.148207727383124,SELL
2025-08-05 16:30:00+00:00,6310.954144246352,False,-7.987061422230909,SELL
2025-08-05 17:30:00+00:00,6299.4108302552195,False,-11.54331399113289,SELL
2025-08-05 18:30:00+00:00,6286.276283524261,False,-13.134546730958391,SELL
2025-08-05 19:30:00+00:00,6272.948814424657,False,-13.327469099604059,SELL
2025-08-06 14:30:00+00:00,6260.468395099888,False,-12.480419324769173,SELL
2025-08-06 15:30:00+00:00,6249.381387726782,False,-11.087007373105735,SELL
2025-08-06 16:30:00+00:00,6239.591707922518,False,-9.78967980426387,SELL
2025-08-06 17:30:00+00:00,6231.221439373505,False,-8.370268549013417,SELL
2025-08-06 18:30:00+00:00,6224.042240369978,False,-7.179199003527174,SELL
2025-08-06 19:30:00+00:00,6218.030372417357,False,-6.011867952620378,SELL
2025-08-07 14:30:00+00:00,6213.303397584037,False,-4.726974833320128,SELL
2025-08-07 15:30:00+00:00,6208.9234569333785,False,-4.379940650658682,SELL
2025-08-07 16:30:00+00:00,6204.684440044191,False,-4.239016889187042,SELL
2025-08-07 17:30:00+00:00,6200.360642817221,False,-4.3237972269707825,SELL
2025-08-07 18:30:00+00:00,6195.751606853795,False,-4.609035963425413,SELL
2025-08-07 19:30:00+00:00,6190.7409004900255,False,-5.010706363769714,SELL
2025-08-08 14:30:00+00:00,6185.8971171913145,False,-4.84378329871106,SELL
2025-08-08 15:30:00+00:00,6181.219880156161,False,-4.6772370351536665,SELL
2025-08-08 16:30:00+00:00,6176.069380435423,False,-5.150499720737571,SELL
2025-08-08 17:30:00+00:00,6170.416604313505,False,-5.652776121918578,SELL
2025-08-08 18:30:00+00:00,6163.728754467622,False,-6.687849845882738,SELL
2025-08-08 19:30:00+00:00,6155.812531727628,False,-7.916222739993827,SELL
2025-08-11 14:30:00+00:00,6146.928682732396,False,-8.883848995232256,SELL
2025-08-11 15:30:00+00:00,6138.088165909809,False,-8.840516822587233,SELL
2025-08-11 16:30:00+00:00,6130.414980138128,False,-7.673185771680437,SELL
2025-08-11 17:30:00+00:00,6124.715103828552,False,-5.6998763095762115,SELL
2025-08-11 18:30:00+00:00,6121.580868941062,False,-3.1342348874895833,SELL
2025-08-11 19:30:00+00:00,6121.218009095348,False,-0.36285984571441077,
2025-08-12 14:30:00+00:00,6124.120134258061,False,2.902125162712764,BUY
2025-08-12 15:30:00+00:00,6130.265013140626,False,6.144878882565536,BUY
2025-08-12 16:30:00+00:00,6139.285264279315,False,9.020251138688764,BUY
2025-08-12 17:30:00+00:00,6151.040340714157,False,11.755076434841612,BUY
2025-08-12 18:30:00+00:00,6164.880636656977,False,13.840295942820376,BUY
2025-08-12 19:30:00+00:00,6180.183676027693,False,15.303039370715851,BUY
2025-08-13 14:30:00+00:00,6196.612975085678,False,16.42929905798519,BUY
2025-08-13 15:30:00+00:00,6213.538521720824,False,16.92554663514602,BUY
2025-08-13 16:30:00+00:00,6230.6912796612305,False,17.152757940406445,BUY
2025-08-13 17:30:00+00:00,6247.969889303058,False,17.278609641827643,BUY
2025-08-13 18:30:00+00:00,6265.313685604604,False,17.343796301545808,BUY
2025-08-13 19:30:00+00:00,6282.908054904488,False,17.59436929988442,BUY
2025-08-14 14:30:00+00:00,6301.100031385373,False,18.191976480884477,BUY
2025-08-14 15:30:00+00:00,6319.8089795259875,False,18.708948140614666,BUY
2025-08-14 16:30:00+00:00,6338.501348400547,False,18.69236887455918,BUY
2025-08-14 17:30:00+00:00,6356.779989226721,False,18.278640826174524,BUY
2025-08-14 18:30:00+00:00,6374.384155365638,False,17.604166138917208,BUY
2025-08-14 19:30:00+00:00,6391.135996508703,False,16.751841143064667,BUY
2025-08-15 14:30:00+00:00,6407.122177001205,False,15.986180492502172,BUY
2025-08-15 15:30:00+00:00,6421.643353256804,False,14.52117625559913,BUY
2025-08-15 16:30:00+00:00,6434.040122648294,False,12.396769391489215,BUY
2025-08-15 17:30:00+00:00,6444.098461922957,False,10.058339274663012,BUY
2025-08-15 18:30:00+00:00,6451.971352490305,False,7.872890567348804,BUY
2025-08-15 19:30:00+00:00,6457.651258320315,False,5.679905830009375,BUY
2025-08-18 14:30:00+00:00,6461.468257528089,False,3.816999207774643,BUY
2025-08-18 15:30:00+00:00,6464.296529596555,False,2.828272068465594,BUY
2025-08-18 16:30:00+00:00,6466.647770964424,False,2.351241367869079,BUY
2025-08-18 17:30:00+00:00,6468.934956077079,False,2.287185112654697,BUY
2025-08-18 18:30:00+00:00,6471.231938028766,False,2.296981951687485,BUY
2025-08-18 19:30:00+00:00,6473.428690781118,False,2.1967527523520403,BUY
2025-08-19 14:30:00+00:00,6475.425738737802,False,1.997047956683673,BUY
2025-08-19 15:30:00+00:00,6476.609649054764,False,1.183910316962283,
2025-08-19 16:30:00+00:00,6476.324787119811,False,-0.2848619349533692,
2025-08-19 17:30:00+00:00,6474.223741948779,False,-2.1010451710317284,SELL
2025-08-19 18:30:00+00:00,6470.260543758515,False,-3.963198190263938,SELL
2025-08-19 19:30:00+00:00,6464.503016819246,False,-5.757526939269155,SELL
2025-08-20 14:30:00+00:00,6457.443263891619,False,-7.0597529276274145,SELL
2025-08-20 15:30:00+00:00,6448.897405843018,False,-8.545858048601076,SELL
2025-08-20 16:30:00+00:00,6438.510495659255,False,-10.386910183762666,SELL
2025-08-20 17:30:00+00:00,6425.985613757337,False,-12.52488190191798,SELL
2025-08-20 18:30:00+00:00,6411.55185545003,False,-14.433758307306562,SELL
2025-08-20 19:30:00+00:00,6395.488807451271,False,-16.06304799875943,SELL
2025-08-21 14:30:00+00:00,6378.519175040477,False,-16.969632410793565,SELL
2025-08-21 15:30:00+00:00,6359.975265957415,False,-18.543909083062317,SELL
2025-08-21 16:30:00+00:00,6338.967828659108,False,-21.007437298307195,SELL
2025-08-21 17:30:00+00:00,6315.082004692667,False,-23.885823966440512,SELL
2025-08-21 18:30:00+00:00,6288.355097406718,False,-26.726907285948982,SELL
2025-08-21 19:30:00+00:00,6259.057273477665,False,-29.297823929053266,SELL
2025-08-22 14:30:00+00:00,6228.159173572756,False,-30.89809990490903,SELL
2025-08-22 15:30:00+00:00,6195.900066645292,False,-32.25910692746402,SELL
2025-08-22 16:30:00+00:00,6162.707999200706,False,-33.19206744458643,SELL
2025-08-22 17:30:00+00:00,6129.264981956279,False,-33.4430172444263,SELL
2025-08-22 18:30:00+00:00,6095.706663452467,False,-33.55831850381219,SELL
2025-08-22 19:30:00+00:00,6063.227504448267,False,-32.47915900420048,SELL
2025-08-25 14:30:00+00:00,6032.330534947861,False,-30.89696950040525,SELL
2025-08-25 15:30:00+00:00,6004.0376406226715,False,-28.29289432518999,SELL
2025-08-25 16:30:00+00:00,5979.744494233368,False,-24.29314638930373,SELL
2025-08-25 17:30:00+00:00,5960.241248528095,False,-19.503245705273002,SELL
2025-08-25 18:30:00+00:00,5945.8613728354685,False,-14.379875692626229,SELL
2025-08-25 19:30:00+00:00,5936.3124691905105,False,-9.548903644958045,SELL
2025-08-26 14:30:00+00:00,5931.279908339668,False,-5.032560850842856,SELL
2025-08-26 15:30:00+00:00,5930.271964323794,False,-1.0079440158733632,
2025-08-26 16:30:00+00:00,5931.873370704154,False,1.601406380359549,BUY
2025-08-26 17:30:00+00:00,5935.058850595815,False,3.185479891661089,BUY
2025-08-26 18:30:00+00:00,5938.708173135528,False,3.6493225397134665,BUY
2025-08-26 19:30:00+00:00,5942.011591897084,False,3.303418761555804,BUY
2025-08-27 14:30:00+00:00,5944.932933936361,False,2.9213420392770786,BUY
2025-08-27 15:30:00+00:00,5947.19148213492,False,2.258548198558856,BUY
2025-08-27 16:30:00+00:00,5948.471853636205,False,1.2803715012851171,BUY
2025-08-27 17:30:00+00:00,5948.829815062403,False,0.35796142619801685,
2025-08-27 18:30:00+00:00,5948.248787147459,False,-0.5810279149445705,
2025-08-27 19:30:00+00:00,5946.79998537511,False,-1.4488017723488156,SELL
2025-08-28 14:30:00+00:00,5945.02223589216,False,-1.77774948294973,SELL
2025-08-28 15:30:00+00:00,5943.0873601831845,False,-1.9348757089755964,SELL
2025-08-28 16:30:00+00:00,5941.125354766118,False,-1.9620054170663934,SELL
2025-08-28 17:30:00+00:00,5939.331026017113,False,-1.794328749005217,SELL
2025-08-28 18:30:00+00:00,5937.898049907817,False,-1.4329761092958506,SELL
2025-08-28 19:30:00+00:00,5936.875033831893,False,-1.023016075923806,
2025-08-29 14:30:00+00:00,5936.418727213866,False,-0.4563066180271562,
2025-08-29 15:30:00+00:00,5936.09128670927,False,-0.32744050459587015,
2025-08-29 16:30:00+00:00,5935.168123031181,False,-0.9231636780896224,
2025-08-29 17:30:00+00:00,5933.233624123706,False,-1.9344989074743353,SELL
2025-08-29 18:30:00+00:00,5930.2116760835925,False,-3.0219480401137844,SELL
2025-08-29 19:30:00+00:00,5925.892023673136,False,-4.319652410456911,SELL
2025-09-02 14:30:00+00:00,5920.654482805607,False,-5.237540867528878,SELL
2025-09-02 15:30:00+00:00,5915.422593960597,False,-5.231888845009962,SELL
2025-09-02 16:30:00+00:00,5910.539246504253,False,-4.883347456343472,SELL
2025-09-02 17:30:00+00:00,5906.065482279781,False,-4.4737642244726885,SELL
2025-09-02 18:30:00+00:00,5902.577053981106,False,-3.4884282986749895,SELL
2025-09-02 19:30:00+00:00,5900.249927909317,False,-2.3271260717883706,SELL
2025-09-03 14:30:00+00:00,5899.421718209545,False,-0.8282096997718327,
2025-09-03 15:30:00+00:00,5899.264968785021,False,-0.15674942452460527,
2025-09-03 16:30:00+00:00,5898.379485257057,False,-0.8854835279635154,
2025-09-03 17:30:00+00:00,5896.005258997611,False,-2.3742262594460044,SELL
2025-09-03 18:30:00+00:00,5891.772270932444,False,-4.2329880651668645,SELL
2025-09-03 19:30:00+00:00,5885.392644714593,False,-6.3796262178511824,SELL
2025-09-04 14:30:00+00:00,5877.0883164283005,False,-8.30432828629273,SELL
2025-09-04 15:30:00+00:00,5866.389414601494,False,-10.698901826806832,SELL
2025-09-04 16:30:00+00:00,5853.548773041519,False,-12.840641559974756,SELL
2025-09-04 17:30:00+00:00,5839.37425416708,False,-14.174518874438945,SELL
2025-09-04 18:30:00+00:00,5824.378684821393,False,-14.995569345686818,SELL
2025-09-04 19:30:00+00:00,5809.385376284714,False,-14.993308536679251,SELL
2025-09-05 14:30:00+00:00,5795.157351597096,False,-14.228024687618017,SELL
2025-09-05 15:30:00+00:00,5781.776376684313,False,-13.380974912783131,SELL
2025-09-05 16:30:00+00:00,5769.17839529115,False,-12.597981393162627,SELL
2025-09-05 17:30:00+00:00,5757.362277013104,False,-11.816118278045906,SELL
2025-09-05 18:30:00+00:00,5746.569551612483,False,-10.792725400620839,SELL
2025-09-05 19:30:00+00:00,5737.251627287798,False,-9.31792432468501,SELL
2025-09-08 14:30:00+00:00,5729.974459893943,False,-7.277167393855052,SELL
2025-09-08 15:30:00+00:00,5725.843208234117,False,-4.1312516598263755,SELL
2025-09-08 16:30:00+00:00,5725.132183801237,False,-0.7110244328796398,
2025-09-08 17:30:00+00:00,5727.81312648271,False,2.6809426814725157,BUY
2025-09-08 18:30:00+00:00,5733.353615757253,False,5.540489274542779,BUY
2025-09-08 19:30:00+00:00,5741.176014923432,False,7.822399166179821,BUY
2025-09-09 14:30:00+00:00,5750.904276082991,False,9.728261159558315,BUY
2025-09-09 15:30:00+00:00,5761.718855970685,False,10.81457988769398,BUY
2025-09-09 16:30:00+00:00,5773.092986087751,False,11.37413011706667,BUY
2025-09-09 17:30:00+00:00,5784.753108544275,False,11.660122456523823,BUY
2025-09-09 18:30:00+00:00,5796.484446484537,False,11.731337940262165,BUY
2025-09-09 19:30:00+00:00,5808.296419946069,False,11.811973461532034,BUY
2025-09-10 14:30:00+00:00,5820.241781139048,False,11.945361192978453,BUY
2025-09-10 15:30:00+00:00,5832.228213695664,False,11.98643255661591,BUY
2025-09-10 16:30:00+00:00,5843.992710168037,False,11.76449647237314,BUY
2025-09-10 17:30:00+00:00,5855.609500451916,False,11.6167902838788,BUY
2025-09-10 18:30:00+00:00,5867.037136382161,False,11.427635930245742,BUY
2025-09-10 19:30:00+00:00,5878.387151203147,False,11.350014820985962,BUY
2025-09-11 14:30:00+00:00,5890.026926378603,False,11.639775175455725,BUY
2025-09-11 15:30:00+00:00,5902.041242246312,False,12.014315867709229,BUY
2025-09-11 16:30:00+00:00,5914.494531862991,False,12.453289616678376,BUY
2025-09-11 17:30:00+00:00,5927.523197372095,False,13.02866550910403,BUY
2025-09-11 18:30:00+00:00,5940.950895671034,False,13.427698298939504,BUY
2025-09-11 19:30:00+00:00,5954.7361785946705,False,13.78528292363626,BUY
2025-09-12 14:30:00+00:00,5968.904291843588,False,14.168113248917507,BUY
2025-09-12 15:30:00+00:00,5983.425468099187,False,14.52117625559913,BUY
2025-09-12 16:30:00+00:00,5998.23452070175,False,14.809052602562588,BUY
2025-09-12 17:30:00+00:00,6013.22820603993,False,14.993685338180512,BUY
2025-09-12 18:30:00+00:00,6028.109604530735,False,14.881398490804713,BUY
2025-09-12 19:30:00+00:00,6042.718198734627,False,14.608594203891698,BUY
2025-09-15 14:30:00+00:00,6057.156101858447,False,14.437903123820433,BUY
2025-09-15 15:30:00+00:00,6072.601195395138,False,15.445093536691274,BUY
2025-09-15 16:30:00+00:00,6089.545205303846,False,16.944009908707812,BUY
2025-09-15 17:30:00+00:00,6108.176909136702,False,18.631703832856147,BUY
2025-09-15 18:30:00+00:00,6128.140606276516,False,19.96369713981403,BUY
2025-09-15 19:30:00+00:00,6148.951353191165,False,20.810746914648917,BUY
2025-09-16 14:30:00+00:00,6170.2922598180885,False,21.340906626923243,BUY
2025-09-16 15:30:00+00:00,6191.841160873708,False,21.548901055619353,BUY
2025-09-16 16:30:00+00:00,6213.257050999382,False,21.415890125674196,BUY
2025-09-16 17:30:00+00:00,6234.169911120873,False,20.912860121490667,BUY
2025-09-16 18:30:00+00:00,6254.234214261523,False,20.064303140650736,BUY
2025-09-16 19:30:00+00:00,6273.193735400477,False,18.959521138953278,BUY
2025-09-17 14:30:00+00:00,6291.169804621139,False,17.976069220661884,BUY
2025-09-17 15:30:00+00:00,6308.109292911831,False,16.93948829069268,BUY
2025-09-17 16:30:00+00:00,6323.484301369288,False,15.375008457456715,BUY
2025-09-17 17:30:00+00:00,6336.922550110263,False,13.438248740974814,BUY
2025-09-17 18:30:00+00:00,6348.469255314907,False,11.54670520464424,BUY
2025-09-17 19:30:00+00:00,6358.386670828098,False,9.917415513191372,BUY
2025-09-18 14:30:00+00:00,6367.185739485547,False,8.799068657448515,BUY
2025-09-18 15:30:00+00:00,6375.222161904443,False,8.036422418896109,BUY
2025-09-18 16:30:00+00:00,6382.611992947175,False,7.389831042732112,BUY
2025-09-18 17:30:00+00:00,6389.435868135013,False,6.823875187837984,BUY
2025-09-18 18:30:00+00:00,6395.690773055947,False,6.254904920933768,BUY
2025-09-18 19:30:00+00:00,6401.440763965191,False,5.749990909243934,BUY
2025-09-19 14:30:00+00:00,6406.750650720962,False,5.309886755771004,BUY
2025-09-19 15:30:00+00:00,6411.644548619341,False,4.893897898378782,BUY
2025-09-19 16:30:00+00:00,6416.340248928056,False,4.695700308715459,BUY
2025-09-19 17:30:00+00:00,6420.97264658456,False,4.632397656503599,BUY
2025-09-19 18:30:00+00:00,6425.589972181013,False,4.617325596453156,BUY
2025-09-19 19:30:00+00:00,6430.058084382967,False,4.4681122019537725,BUY
2025-09-22 14:30:00+00:00,6434.602310488175,False,4.544226105208509,BUY
2025-09-22 15:30:00+00:00,6440.773565475829,False,6.1712549876538105,BUY
2025-09-22 16:30:00+00:00,6449.547011631192,False,8.773446155362763,BUY
2025-09-22 17:30:00+00:00,6461.536081798316,False,11.989070167124737,BUY
2025-09-22 18:30:00+00:00,6476.492086986371,False,14.956005188054405,BUY
2025-09-22 19:30:00+00:00,6493.779739864229,False,17.28765287785791,BUY
2025-09-23 14:30:00+00:00,6513.016963709611,False,19.237223845382687,BUY
2025-09-23 15:30:00+00:00,6533.563195970375,False,20.546232260763645,BUY
2025-09-23 16:30:00+00:00,6554.965521242004,False,21.402325271628797,BUY
2025-09-23 17:30:00+00:00,6576.714503894793,False,21.748982652788982,BUY
2025-09-23 18:30:00+00:00,6598.406966322393,False,21.69246242759982,BUY
2025-09-23 19:30:00+00:00,6619.696251143643,False,21.289284821250476,BUY
2025-09-24 14:30:00+00:00,6640.493433204247,False,20.797182060603518,BUY
2025-09-24 15:30:00+00:00,6660.743499485019,False,20.250066280772444,BUY
2025-09-24 16:30:00+00:00,6679.985244948417,False,19.24174546339782,BUY
2025-09-24 17:30:00+00:00,6697.649699327536,False,17.66445437911898,BUY
2025-09-24 18:30:00+00:00,6713.038272639038,False,15.388573311502114,BUY
2025-09-24 19:30:00+00:00,6725.709353523445,False,12.671080884407274,BUY
2025-09-25 14:30:00+00:00,6735.679521246813,False,9.970167723367922,BUY
2025-09-25 15:30:00+00:00,6742.70913005434,False,7.029608807526529,BUY
2025-09-25 16:30:00+00:00,6746.606011180382,False,3.8968811260419898,BUY
2025-09-25 17:30:00+00:00,6747.294804324687,False,0.6887931443052366,
2025-09-25 18:30:00+00:00,6745.115384441393,False,-2.179419883294031,SELL
2025-09-25 19:30:00+00:00,6740.522927744023,False,-4.592456697369926,SELL
2025-09-26 14:30:00+00:00,6734.333586284309,False,-6.189341459714342,SELL
2025-09-26 15:30:00+00:00,6726.618198744487,False,-7.715387539821677,SELL
2025-09-26 16:30:00+00:00,6717.038397376426,False,-9.579801368061453,SELL
2025-09-26 17:30:00+00:00,6705.695918585465,False,-11.34247879096074,SELL
2025-09-26 18:30:00+00:00,6692.561371854506,False,-13.134546730958391,SELL
2025-09-26 19:30:00+00:00,6677.686002187722,False,-14.875369666784536,SELL
2025-09-29 14:30:00+00:00,6661.433046232327,False,-16.25295595539501,SELL
2025-09-29 15:30:00+00:00,6645.033891294443,False,-16.399154937884305,SELL
2025-09-29 16:30:00+00:00,6629.831457924563,False,-15.202433369879145,SELL
2025-09-29 17:30:00+00:00,6616.735344946734,False,-13.096112977829762,SELL
2025-09-29 18:30:00+00:00,6606.233133503585,False,-10.502211443148553,SELL
2025-09-29 19:30:00+00:00,6598.58557023399,False,-7.647563269594684,SELL
2025-09-30 14:30:00+00:00,6594.015721626696,False,-4.5698486072942615,SELL
2025-09-30 15:30:00+00:00,6592.832564912736,False,-1.183156713959761,
2025-09-30 16:30:00+00:00,6594.865785813541,False,2.0332209008047357,BUY
2025-09-30 17:30:00+00:00,6599.783045404998,False,4.917259591456968,BUY
2025-09-30 18:30:00+00:00,6607.0982697504805,False,7.31522434548242,BUY
2025-09-30 19:30:00+00:00,6616.412802861654,False,9.31453311117366,BUY
2025-10-01 14:30:00+00:00,6627.646762820252,False,11.233959958597552,BUY
2025-10-01 15:30:00+00:00,6640.717253295996,False,13.070490475744009,BUY
2025-10-01 16:30:00+00:00,6654.876700110384,False,14.159446814388502,BUY
2025-10-01 17:30:00+00:00,6669.645811753813,False,14.769111643428914,BUY
2025-10-01 18:30:00+00:00,6684.67717724212,False,15.03136548830662,BUY
2025-10-01 19:30:00+00:00,6699.686688243353,False,15.009511001233477,BUY
2025-10-02 14:30:00+00:00,6714.848427051096,False,15.16173880774295,BUY
2025-10-02 15:30:00+00:00,6729.925008719554,False,15.076581668457948,BUY
2025-10-02 16:30:00+00:00,6744.734061322117,False,14.809052602562588,BUY
2025-10-02 17:30:00+00:00,6759.203992573544,False,14.469931251427624,BUY
2025-10-02 18:30:00+00:00,6773.493059104367,False,14.28906653082231,BUY
2025-10-02 19:30:00+00:00,6787.559812749445,False,14.066753645078279,BUY
2025-10-03 14:30:00+00:00,6801.460020130966,False,13.900207381520886,BUY
2025-10-03 15:30:00+00:00,6815.027134985372,False,13.5671148544061,BUY
2025-10-03 16:30:00+00:00,6827.885109414405,False,12.857974429032765,BUY
2025-10-03 17:30:00+00:00,6839.877947596542,False,11.992838182137348,BUY
2025-10-03 18:30:00+00:00,6850.872261800338,False,10.994314203795511,BUY
2025-10-03 19:30:00+00:00,6860.527423468651,False,9.655161668313667,BUY
2025-10-06 14:30:00+00:00,6868.7213489150745,False,8.193925446423236,BUY
2025-10-06 15:30:00+00:00,6876.875333402364,False,8.153984487289563,BUY
2025-10-06 16:30:00+00:00,6885.900482960569,False,9.025149558205158,BUY
2025-10-06 17:30:00+00:00,6896.107282026729,False,10.206799066159874,BUY
2025-10-06 18:30:00+00:00,6907.3382275733165,False,11.230945546587463,BUY
2025-10-06 19:30:00+00:00,6919.1660266979015,False,11.827799124584999,BUY
2025-10-07 14:30:00+00:00,6931.166400910064,False,12.00037421216257,BUY
2025-10-07 15:30:00+00:00,6943.29338042665,False,12.126979516586289,BUY
2025-10-07 16:30:00+00:00,6955.341985230974,False,12.048604804323986,BUY
2025-10-07 17:30:00+00:00,6966.952746690833,False,11.610761459858622,BUY
2025-10-07 18:30:00+00:00,6977.890540669439,False,10.93779397860635,BUY
2025-10-07 19:30:00+00:00,6988.009168184304,False,10.118627514864784,BUY
2025-10-08 14:30:00+00:00,6997.3809751236695,False,9.371806939365342,BUY
2025-10-08 15:30:00+00:00,7005.976570970437,False,8.595595846767537,BUY
2025-10-08 16:30:00+00:00,7013.444023122429,False,7.467452151991893,BUY
2025-10-08 17:30:00+00:00,7019.616785316088,False,6.172762193658855,BUY
2025-10-08 18:30:00+00:00,7024.292891946738,False,4.676106630649883,BUY
2025-10-08 19:30:00+00:00,7027.177684240392,False,2.8847922936547548,BUY
2025-10-09 14:30:00+00:00,7028.283219845092,False,1.1055356046999805,
2025-10-09 15:30:00+00:00,7027.715756784193,False,-0.567463060899172,
2025-10-09 16:30:00+00:00,7025.968151421344,False,-1.7476053628488444,SELL
2025-10-09 17:30:00+00:00,7023.440566950885,False,-2.52758447045926,SELL
2025-10-09 18:30:00+00:00,7020.37340273062,False,-3.067164220265113,SELL
2025-10-09 19:30:00+00:00,7017.071114373568,False,-3.3022883570520207,SELL
2025-10-10 14:30:00+00:00,7013.936125883076,False,-3.1349884904921055,SELL
2025-10-10 15:30:00+00:00,7011.564537234139,False,-2.371588648937177,SELL
2025-10-10 16:30:00+00:00,7010.16358925245,False,-1.4009479816886596,
2025-10-10 17:30:00+00:00,7009.6677184767905,False,-0.4958707756595686,
2025-10-10 18:30:00+00:00,7010.102547409246,False,0.4348289324552752,
2025-10-10 19:30:00+00:00,7011.59468135424,False,1.4921339449938387,BUY
2025-10-14 14:30:00+00:00,7014.8434638981125,False,3.2487825438729487,BUY
2025-10-14 15:30:00+00:00,7020.707248860737,False,5.863784962624777,BUY
2025-10-14 16:30:00+00:00,7028.872537393065,False,8.165288532327395,BUY
2025-10-14 17:30:00+00:00,7039.0763220472145,False,10.203784654149786,BUY
2025-10-14 18:30:00+00:00,7050.533348494559,False,11.457026447344106,BUY
2025-10-14 19:30:00+00:00,7061.620355867664,False,11.087007373105735,BUY
2025-10-15 14:30:00+00:00,7071.01024927909,False,9.389893411425874,BUY
2025-10-15 15:30:00+00:00,7077.323935234221,False,6.313685955130495,BUY
2025-10-15 16:30:00+00:00,7080.749060880684,False,3.4251256464631297,BUY
2025-10-15 17:30:00+00:00,7081.881726193475,False,1.1326653127907775,
2025-10-15 18:30:00+00:00,7081.101747085864,False,-0.7799791076104157,
2025-10-15 19:30:00+00:00,7078.606567544513,False,-2.495179541350808,SELL
2025-10-16 14:30:00+00:00,7074.958375409304,False,-3.6481921352096833,SELL
2025-10-16 15:30:00+00:00,7071.962803474278,False,-2.9955719350255094,SELL
2025-10-16 16:30:00+00:00,7070.650027043885,False,-1.3127764303935692,
2025-10-16 17:30:00+00:00,7071.233315767837,False,0.5832887239521369,
2025-10-16 18:30:00+00:00,7073.466995067312,False,2.233679299475625,BUY
2025-10-16 19:30:00+00:00,7077.612565184187,False,4.145570116874296,BUY
2025-10-17 14:30:00+00:00,7083.43113396666,False,5.818568782473449,BUY
2025-10-17 15:30:00+00:00,7090.670244408888,False,7.239110442227684,BUY
2025-10-17 16:30:00+00:00,7098.468528278987,False,7.798283870099112,BUY
2025-10-17 17:30:00+00:00,7105.886242632812,False,7.417714353825431,BUY
2025-10-17 18:30:00+00:00,7112.570701265184,False,6.684458632371388,BUY
2025-10-17 19:30:00+00:00,7117.704998521367,False,5.134297256183345,BUY
2025-10-20 14:30:00+00:00,7121.2748159443145,False,3.5698174229473807,BUY
2025-10-20 15:30:00+00:00,7124.09103036474,False,2.81621442042524,BUY
2025-10-20 16:30:00+00:00,7126.291551132104,False,2.200520767364651,BUY
2025-10-20 17:30:00+00:00,7128.19665952248,False,1.9051083903759718,BUY
2025-10-20 18:30:00+00:00,7129.236631665961,False,1.0399721434805542,
2025-10-20 19:30:00+00:00,7129.46949499374,False,0.2328633277793415,
2025-10-21 14:30:00+00:00,7129.082143050444,False,-0.38735194329638034,
2025-10-21 15:30:00+00:00,7128.654850148014,False,-0.4272929024300538,
2025-10-21 16:30:00+00:00,7129.3587153523695,False,0.7038652043556795,
2025-10-21 17:30:00+00:00,7131.744622458355,False,2.3859071059850976,BUY
2025-10-21 18:30:00+00:00,7136.4493660031,False,4.704743544745725,BUY
2025-10-21 19:30:00+00:00,7143.540770256834,False,7.091404253733344,BUY
2025-10-22 14:30:00+00:00,7152.817623217881,False,9.276852961047553,BUY
2025-10-22 15:30:00+00:00,7164.530874686083,False,11.713251468201634,BUY
2025-10-22 16:30:00+00:00,7178.2027403578395,False,13.671865671756677,BUY
2025-10-22 17:30:00+00:00,7193.333581442479,False,15.130841084639542,BUY
2025-10-22 18:30:00+00:00,7209.439584812382,False,16.106003369903192,BUY
2025-10-22 19:30:00+00:00,7226.190672352444,False,16.751087540062144,BUY
2025-10-23 14:30:00+00:00,7243.459485155239,False,17.268812802794855,BUY
2025-10-23 15:30:00+00:00,7260.937045989733,False,17.477560834493488,BUY
2025-10-23 16:30:00+00:00,7277.670800660737,False,16.733754671004135,BUY
2025-10-23 17:30:00+00:00,7292.840829101508,False,15.170028440770693,BUY
2025-10-23 18:30:00+00:00,7305.834452070994,False,12.99362296948675,BUY
2025-10-23 19:30:00+00:00,7316.201014973689,False,10.366562902694568,BUY
2025-10-24 14:30:00+00:00,7324.039993405924,False,7.838978432235308,BUY
2025-10-24 15:30:00+00:00,7329.161479411065,False,5.1214860051404685,BUY
2025-10-24 16:30:00+00:00,7331.846566909051,False,2.6850874979863875,BUY
2025-10-24 17:30:00+00:00,7332.50069431524,False,0.6541274061892182,
2025-10-24 18:30:00+00:00,7331.64007968636,False,-0.8606146288802847,
2025-10-24 19:30:00+00:00,7329.843490128347,False,-1.7965895580127835,SELL
2025-10-27 14:30:00+00:00,7327.374686692085,False,-2.468803436262533,SELL
2025-10-27 15:30:00+00:00,7326.300802413491,False,-1.0738842785940506,
2025-10-27 16:30:00+00:00,7328.052175791352,False,1.751373377861455,BUY
2025-10-27 17:30:00+00:00,7333.17290819349,False,5.120732402137946,BUY
2025-10-27 18:30:00+00:00,7341.369094448921,False,8.196186255430803,BUY
2025-10-27 19:30:00+00:00,7351.885624349117,False,10.516529900196474,BUY
2025-10-28 14:30:00+00:00,7363.619223098387,False,11.733598749269731,BUY
2025-10-28 15:30:00+00:00,7376.815565275552,False,13.196342177165207,BUY
2025-10-28 16:30:00+00:00,7391.516099045752,False,14.7005337701994,BUY
2025-10-28 17:30:00+00:00,7407.5090619652765,False,15.99296291952487,BUY
2025-10-28 18:30:00+00:00,7424.330988187576,False,16.821926222299226,BUY
2025-10-28 19:30:00+00:00,7441.604322608386,False,17.273334420809988,BUY
2025-10-29 14:30:00+00:00,7458.976379022526,False,17.37205641414039,BUY
2025-10-29 15:30:00+00:00,7476.897812025505,False,17.92143300297903,BUY
2025-10-29 16:30:00+00:00,7495.297782935086,False,18.39997090958059,BUY
2025-10-29 17:30:00+00:00,7514.184581384296,False,18.88679844920989,BUY
2025-10-29 18:30:00+00:00,7533.458731776802,False,19.27415039250627,BUY
2025-10-29 19:30:00+00:00,7553.040352194337,False,19.581620417535305,BUY
2025-10-30 14:30:00+00:00,7572.7922868904425,False,19.75193469610531,BUY
2025-10-30 15:30:00+00:00,7592.911979851779,False,20.119692961336114,BUY
2025-10-30 16:30:00+00:00,7613.553919693863,False,20.641939842083957,BUY
2025-10-30 17:30:00+00:00,7634.3141752073425,False,20.760255513479933,BUY
2025-10-30 18:30:00+00:00,7654.594385608216,False,20.28021040087333,BUY
2025-10-30 19:30:00+00:00,7673.757756359351,False,19.163370751135517,BUY
2025-10-31 14:30:00+00:00,7691.416935517453,False,17.659179158101324,BUY
2025-10-31 15:30:00+00:00,7707.614878453664,False,16.197942936210893,BUY
2025-10-31 16:30:00+00:00,7722.077273675066,False,14.462395221402403,BUY
2025-10-31 17:30:00+00:00,7734.925451265066,False,12.848177589999977,BUY
2025-10-31 18:30:00+00:00,7745.848926786624,False,10.92347552155843,BUY
2025-10-31 19:30:00+00:00,7754.165689522459,False,8.316762735834345,BUY
2025-11-03 15:30:00+00:00,7759.894579547632,False,5.728890025173314,BUY
2025-11-03 16:30:00+00:00,7765.123077179131,False,5.2284976314986125,BUY
2025-11-03 17:30:00+00:00,7770.448789597955,False,5.325712418823969,BUY
2025-11-03 18:30:00+00:00,7776.056349539722,False,5.607559941767249,BUY
2025-11-03 19:30:00+00:00,7782.012074068654,False,5.955724528932478,BUY
2025-11-04 15:30:00+00:00,7787.782412258966,False,5.770338190312032,BUY
2025-11-04 16:30:00+00:00,7793.129225561861,False,5.346813302894589,BUY
2025-11-04 17:30:00+00:00,7797.752579982334,False,4.6233544204733334,BUY
2025-11-04 18:30:00+00:00,7801.697691700538,False,3.945111718203407,BUY
2025-11-04 19:30:00+00:00,7805.066297121812,False,3.368605421273969,BUY
2025-11-05 15:30:00+00:00,7808.003841625643,False,2.9375445038313046,BUY
2025-11-05 16:30:00+00:00,7810.902198773343,False,2.8983571477001533,BUY
2025-11-05 17:30:00+00:00,7813.373263018613,False,2.4710642452700995,BUY
2025-11-05 18:30:00+00:00,7815.022899991134,False,1.649636972520966,BUY
2025-11-05 19:30:00+00:00,7815.548161283892,False,0.5252612927579321,
2025-11-06 15:30:00+00:00,7814.533058039495,False,-1.0151032443973236,
2025-11-06 16:30:00+00:00,7811.380736679945,False,-3.1523213595501147,SELL
2025-11-06 17:30:00+00:00,7806.544112609758,False,-4.836624070187099,SELL
2025-11-06 18:30:00+00:00,7800.493434102507,False,-6.050678507250268,SELL
2025-11-06 19:30:00+00:00,7794.138299982238,False,-6.355134120269213,SELL
2025-11-07 15:30:00+00:00,7788.522450407443,False,-5.615849574794993,SELL
2025-11-07 16:30:00+00:00,7784.562266629189,False,-3.9601837782538496,SELL
2025-11-07 17:30:00+00:00,7781.853817438125,False,-2.708449191064574,SELL
2025-11-07 18:30:00+00:00,7780.109226487286,False,-1.7445909508387558,SELL
2025-11-07 19:30:00+00:00,7779.65631108277,False,-0.4529154045158066,
2025-11-10 15:30:00+00:00,7780.548577037756,False,0.8922659549862146,
2025-11-10 16:30:00+00:00,7782.930716128729,False,2.382139090972487,BUY
2025-11-10 17:30:00+00:00,7785.803450774343,False,2.8727346456144005,BUY
2025-11-10 18:30:00+00:00,7788.849514110538,False,3.046063336194493,BUY
2025-11-10 19:30:00+00:00,7791.845839648566,False,2.9963255380280316,BUY
2025-11-12 15:30:00+00:00,7793.785613777058,False,1.9397741284919903,BUY
2025-11-12 16:30:00+00:00,7792.920477530162,False,-0.8651362468954176,
2025-11-12 17:30:00+00:00,7789.452396512555,False,-3.4680810176068917,SELL
2025-11-12 18:30:00+00:00,7784.012890040351,False,-5.439506472204812,SELL
2025-11-12 19:30:00+00:00,7777.547729881713,False,-6.465160158637445,SELL
2025-11-13 15:30:00+00:00,7771.22726149956,False,-6.320468382153194,SELL
2025-11-13 16:30:00+00:00,7766.090703434369,False,-5.136558065190911,SELL
2025-11-13 17:30:00+00:00,7763.001684727031,False,-3.089018707338255,SELL
2025-11-13 18:30:00+00:00,7762.279733050615,False,-0.7219516764162108,
2025-11-13 19:30:00+00:00,7764.16675496893,False,1.8870219183154404,BUY
2025-11-14 15:30:00+00:00,7768.840600790572,False,4.673845821642317,BUY
2025-11-14 16:30:00+00:00,7776.109101749898,False,7.2685009593260475,BUY
2025-11-14 17:30:00+00:00,7784.728059289744,False,8.618957539845724,BUY
2025-11-14 18:30:00+00:00,7793.630371558538,False,8.902312268794049,BUY
2025-11-14 19:30:00+00:00,7801.737632659671,False,8.10726110113319,BUY
2025-11-17 15:30:00+00:00,7807.803383226972,False,6.065750567300711,BUY
2025-11-17 16:30:00+00:00,7811.5970207416685,False,3.7936375146964565,BUY
2025-11-17 17:30:00+00:00,7813.16903660493,False,1.5720158632611856,BUY
2025-11-17 18:30:00+00:00,7812.217236012744,False,-0.9518005921854638,
2025-11-17 19:30:00+00:00,7809.141028556449,False,-3.0762074562953785,SELL
2025-11-18 15:30:00+00:00,7804.556861492107,False,-4.584167064342182,SELL
2025-11-18 16:30:00+00:00,7799.843828314333,False,-4.713033177773468,SELL
2025-11-18 17:30:00+00:00,7795.851239606971,False,-3.9925887073623016,SELL
2025-11-18 18:30:00+00:00,7792.947607238253,False,-2.9036323687178083,SELL
2025-11-18 19:30:00+00:00,7791.114091133117,False,-1.8335161051363684,SELL
2025-11-19 15:30:00+00:00,7790.095219873707,False,-1.0188712594099343,
2025-11-19 16:30:00+00:00,7789.353674519225,False,-0.7415453544817865,
2025-11-19 17:30:00+00:00,7787.780151449959,False,-1.5735230692662299,SELL
2025-11-19 18:30:00+00:00,7784.290215945279,False,-3.4899355046800338,SELL
2025-11-19 19:30:00+00:00,7778.679641591501,False,-5.610574353777338,SELL
2025-11-20 15:30:00+00:00,7771.106685019156,False,-7.572956572344992,SELL
2025-11-20 16:30:00+00:00,7761.5969687303295,False,-9.509716288826894,SELL
2025-11-20 17:30:00+00:00,7750.681782841799,False,-10.915185888530686,SELL
2025-11-20 18:30:00+00:00,7739.515647153428,False,-11.16613568837056,SELL
2025-11-20 19:30:00+00:00,7728.644170239044,False,-10.871476914384402,SELL
2025-11-21 15:30:00+00:00,7719.582094133715,False,-9.062076105328742,SELL
2025-11-21 16:30:00+00:00,7712.818507186079,False,-6.763586947636213,SELL
2025-11-21 17:30:00+00:00,7708.5990839749575,False,-4.219423211121466,SELL
2025-11-21 18:30:00+00:00,7706.14685980475,False,-2.452224170207046,SELL
2025-11-21 19:30:00+00:00,7705.395517611236,False,-0.7513421935145743,
2025-11-24 15:30:00+00:00,7706.393287986575,False,0.9977703753393143,
2025-11-24 16:30:00+00:00,7709.589318320272,False,3.196030333696399,BUY
2025-11-24 17:30:00+00:00,7714.064966552251,False,4.475648231978994,BUY
2025-11-24 18:30:00+00:00,7719.854144817626,False,5.789178265375085,BUY
2025-11-24 19:30:00+00:00,7725.989980464161,False,6.13583564653527,BUY
2025-11-25 15:30:00+00:00,7732.113004859653,False,6.1230243954923935,BUY
2025-11-25 16:30:00+00:00,7738.316664776416,False,6.203659916762263,BUY
2025-11-25 17:30:00+00:00,7745.305579021806,False,6.988914245390333,BUY
2025-11-25 18:30:00+00:00,7753.180730398162,False,7.875151376356371,BUY
2025-11-25 19:30:00+00:00,7762.270689814584,False,9.089959416422062,BUY
2025-11-26 15:30:00+00:00,7772.012515828188,False,9.741826013603713,BUY
2025-11-26 16:30:00+00:00,7782.661679856828,False,10.64916402864037,BUY
2025-11-26 17:30:00+00:00,7794.184269765392,False,11.522589908563532,BUY
2025-11-26 18:30:00+00:00,7806.580285553879,False,12.396015788486693,BUY
2025-11-26 19:30:00+00:00,7819.192585404089,False,12.612299850210547,BUY
2025-11-28 15:30:00+00:00,7831.4235621350235,False,12.230976730934344,BUY
2025-11-28 16:30:00+00:00,7842.634160400543,False,11.210598265519366,BUY
2025-12-01 15:30:00+00:00,7853.086634045525,False,10.452473644982092,BUY
2025-12-01 16:30:00+00:00,7863.953589341894,False,10.86695529636927,BUY
2025-12-01 17:30:00+00:00,7875.496526531526,False,11.54293718963163,BUY
2025-12-01 18:30:00+00:00,7887.5142336127465,False,12.017707081220578,BUY
2025-12-01 19:30:00+00:00,7899.524404663942,False,12.010171051195357,BUY
2025-12-02 15:30:00+00:00,7911.149484580848,False,11.625079916906543,BUY
2025-12-02 16:30:00+00:00,7921.869487291726,False,10.720002710877452,BUY
2025-12-02 17:30:00+00:00,7931.352073872462,False,9.482586580736097,BUY
2025-12-02 18:30:00+00:00,7939.310875182098,False,7.958801309636328,BUY
2025-12-02 19:30:00+00:00,7945.701428643486,False,6.3905534613877535,BUY
2025-12-03 15:30:00+00:00,7950.511676608585,False,4.810247965098824,BUY
2025-12-03 16:30:00+00:00,7953.469568393484,False,2.9578917848994024,BUY
2025-12-03 17:30:00+00:00,7954.647449886426,False,1.177881492942106,
2025-12-03 18:30:00+00:00,7953.942077476066,False,-0.7053724103607237,
2025-12-03 19:30:00+00:00,7951.411478593596,False,-2.5305988824693486,SELL
2025-12-04 15:30:00+00:00,7947.472395699413,False,-3.9390828941832297,SELL
2025-12-04 16:30:00+00:00,7942.340359252237,False,-5.1320364471757784,SELL
2025-12-04 17:30:00+00:00,7936.390663547325,False,-5.949695704912301,SELL
2025-12-04 18:30:00+00:00,7929.719016165996,False,-6.671647381328512,SELL
2025-12-04 19:30:00+00:00,7922.666799268394,False,-7.052216897602193,SELL
2025-12-05 15:30:00+00:00,7915.601017516747,False,-7.065781751647592,SELL
2025-12-05 16:30:00+00:00,7908.465904288867,False,-7.1351132278796285,SELL
2025-12-05 17:30:00+00:00,7901.338327091013,False,-7.127577197854407,SELL
2025-12-05 18:30:00+00:00,7894.219039526186,False,-7.119287564826664,SELL
2025-12-05 19:30:00+00:00,7886.970885847928,False,-7.24815367825795,SELL
2025-12-08 15:30:00+00:00,7879.370799567492,False,-7.600086280435789,SELL
2025-12-08 16:30:00+00:00,7872.13319633127,False,-7.23760323622264,SELL
2025-12-08 17:30:00+00:00,7865.884320234356,False,-6.248876096913591,SELL
2025-12-08 18:30:00+00:00,7860.600809583673,False,-5.283510650682729,SELL
2025-12-08 19:30:00+00:00,7855.959368691139,False,-4.641440892533865,SELL
2025-12-09 15:30:00+00:00,7852.0632411681,False,-3.8961275230394676,SELL
2025-12-09 16:30:00+00:00,7848.803154579189,False,-3.260086588910781,SELL
2025-12-09 17:30:00+00:00,7845.548343211296,False,-3.254811367893126,SELL
2025-12-09 18:30:00+00:00,7841.781081801688,False,-3.7672614096081816,SELL
2025-12-09 19:30:00+00:00,7836.994195529667,False,-4.786886272020638,SELL
2025-12-10 15:30:00+00:00,7830.766420316824,False,-6.227775212842971,SELL
2025-12-10 16:30:00+00:00,7822.644840758643,False,-8.12157955818111,SELL
2025-12-10 17:30:00+00:00,7812.608355971053,False,-10.03648478758987,SELL
2025-12-10 18:30:00+00:00,7800.74212309334,False,-11.866232877713628,SELL
2025-12-10 19:30:00+00:00,7787.398828330683,False,-13.343294762657024,SELL
2025-12-11 15:30:00+00:00,7773.548358747328,False,-13.850469583354425,SELL
2025-12-11 16:30:00+00:00,7760.553228571836,False,-12.995130175491795,SELL
2025-12-11 17:30:00+00:00,7748.9854224831215,False,-11.56780608871486,SELL
2025-12-11 18:30:00+00:00,7738.685930247651,False,-10.299492235470098,SELL
2025-12-11 19:30:00+00:00,7729.507045676932,False,-9.178884570719674,SELL
2025-12-12 15:30:00+00:00,7721.521114659205,False,-7.985931017727125,SELL
2025-12-12 16:30:00+00:00,7714.251860096876,False,-7.26925456232857,SELL
2025-12-12 17:30:00+00:00,7707.588502348575,False,-6.663357748300768,SELL
2025-12-12 18:30:00+00:00,7701.459449129063,False,-6.129053219512571,SELL
2025-12-12 19:30:00+00:00,7696.2113578194985,False,-5.248091309564188,SELL
2025-12-15 15:30:00+00:00,7692.237609187199,False,-3.973748632299248,SELL
2025-12-15 16:30:00+00:00,7689.942134441517,False,-2.2954747456824407,SELL
2025-12-15 17:30:00+00:00,7689.002391497372,False,-0.9397429441451095,
2025-12-15 18:30:00+00:00,7689.020477969432,False,0.018086472060531378,
2025-12-15 19:30:00+00:00,7689.511827127077,False,0.49134915764443576,
2025-12-16 15:30:00+00:00,7689.450785283872,False,-0.0610418432042934,
2025-12-16 16:30:00+00:00,7688.038533257146,False,-1.4122520267264917,
2025-12-16 17:30:00+00:00,7684.94122491678,False,-3.0973083403659984,SELL
2025-12-16 18:30:00+00:00,7679.815217293624,False,-5.126007623155601,SELL
2025-12-16 19:30:00+00:00,7672.69065450778,False,-7.124562785844319,SELL
2025-12-17 15:30:00+00:00,7664.245025658514,False,-8.445628849265631,SELL
2025-12-17 16:30:00+00:00,7654.972694315482,False,-9.27233134303242,SELL
2025-12-17 17:30:00+00:00,7644.747055174259,False,-10.225639141222928,SELL
2025-12-17 18:30:00+00:00,7633.405329986301,False,-11.341725187958218,SELL
2025-12-17 19:30:00+00:00,7621.349942754954,False,-12.055387231346685,SELL
2025-12-18 15:30:00+00:00,7609.253107358469,False,-12.096835396485403,SELL
2025-12-18 16:30:00+00:00,7597.066593204683,False,-12.186514153785538,SELL
2025-12-18 17:30:00+00:00,7584.574869834876,False,-12.491723369807005,SELL
2025-12-18 18:30:00+00:00,7571.765879601007,False,-12.808990233868826,SELL
2025-12-18 19:30:00+00:00,7558.76019898348,False,-13.005680617527105,SELL
2025-12-19 15:30:00+00:00,7545.707041376794,False,-13.053157606686,SELL
2025-12-19 16:30:00+00:00,7532.226590867678,False,-13.480450509116054,SELL
2025-12-19 17:30:00+00:00,7518.371599666309,False,-13.854991201369558,SELL
2025-12-19 18:30:00+00:00,7504.009433644242,False,-14.362166022066958,SELL
2025-12-19 19:30:00+00:00,7489.089601400308,False,-14.919832243933342,SELL
2025-12-22 15:30:00+00:00,7473.99493325979,False,-15.094668140518479,SELL
2025-12-22 16:30:00+00:00,7460.191940665594,False,-13.80299259419553,SELL
2025-12-22 17:30:00+00:00,7448.407096912153,False,-11.784843753441237,SELL
2025-12-22 18:30:00+00:00,7439.017203500727,False,-9.389893411425874,SELL
2025-12-22 19:30:00+00:00,7431.444246928382,False,-7.572956572344992,SELL
2025-12-23 15:30:00+00:00,7425.235311790602,False,-6.208935137779918,SELL
2025-12-23 16:30:00+00:00,7420.217069396807,False,-5.018242393794935,SELL
2025-12-23 17:30:00+00:00,7416.2742184876115,False,-3.9428509091958404,SELL
2025-12-23 18:30:00+00:00,7413.100796243991,False,-3.1734222436207347,SELL
2025-12-23 19:30:00+00:00,7410.253684100462,False,-2.8471121435286477,SELL
2025-12-24 15:30:00+00:00,7407.46233857912,False,-2.7913455213420093,SELL
2025-12-24 16:30:00+00:00,7404.636327319662,False,-2.826011259458028,SELL
2025-12-26 15:30:00+00:00,7401.612118470541,False,-3.024208849121351,SELL
2025-12-26 16:30:00+00:00,7397.91268133116,False,-3.699437139381189,SELL
2025-12-26 17:30:00+00:00,7393.241096318525,False,-4.6715850126347505,SELL
2025-12-26 18:30:00+00:00,7387.372036134882,False,-5.869060183642432,SELL
2025-12-26 19:30:00+00:00,7380.083941497491,False,-7.288094637391623,SELL
2025-12-29 15:30:00+00:00,7371.316524166148,False,-8.767417331342585,SELL
2025-12-29 16:30:00+00:00,7362.02158473304,False,-9.294939433108084,SELL
2025-12-29 17:30:00+00:00,7352.360394240706,False,-9.661190492333844,SELL
2025-12-29 18:30:00+00:00,7341.972730453941,False,-10.387663786765188,SELL
2025-12-29 19:30:00+00:00,7330.474255841458,False,-11.498474612482823,SELL
2025-12-30 15:30:00+00:00,7317.849144740205,False,-12.625111101253424,SELL
2025-12-30 16:30:00+00:00,7303.953458976699,False,-13.895685763505753,SELL
2025-12-30 17:30:00+00:00,7288.290574172279,False,-15.662884804420173,SELL
2025-12-30 18:30:00+00:00,7270.649481486238,False,-17.641092686040793,SELL
2025-12-30 19:30:00+00:00,7251.151511001983,False,-19.497970484255347,SELL
2025-12-31 15:30:00+00:00,7229.930804053962,False,-21.22070694802096,SELL
2025-12-31 16:30:00+00:00,7206.904464311898,False,-23.02633974206401,SELL
2025-12-31 17:30:00+00:00,7182.155388106068,False,-24.749076205829624,SELL
2025-12-31 18:30:00+00:00,7155.835803242982,False,-26.319584863085765,SELL
2025-12-31 19:30:00+00:00,7128.207209964516,False,-27.628593278466724,SELL
2026-01-02 15:30:00+00:00,7099.708205218136,False,-28.499004746379796,SELL
2026-01-02 16:30:00+00:00,7070.537740196509,False,-29.170465021627024,SELL
2026-01-02 17:30:00+00:00,7040.649091513478,False,-29.888648683030624,SELL
2026-01-02 18:30:00+00:00,7010.217095065629,False,-30.431996447849087,SELL
2026-01-02 19:30:00+00:00,6979.641160444298,False,-30.575934621330816,SELL
2026-01-05 15:30:00+00:00,6949.124006857164,False,-30.51715358713409,SELL
2026-01-05 16:30:00+00:00,6919.955049041542,False,-29.16895781562198,SELL
2026-01-05 17:30:00+00:00,6892.710039691359,False,-27.245009350182954,SELL
2026-01-05 18:30:00+00:00,6867.662536696531,False,-25.047502994828392,SELL
2026-01-05 19:30:00+00:00,6844.911262050387,False,-22.75127464614343,SELL
2026-01-06 15:30:00+00:00,6824.365783392626,False,-20.545478657761123,SELL
2026-01-06 16:30:00+00:00,6806.001985427167,False,-18.363797965459526,SELL
2026-01-06 17:30:00+00:00,6790.01731214067,False,-15.984673286497127,SELL
2026-01-06 18:30:00+00:00,6776.257274917618,False,-13.760037223051768,SELL
2026-01-06 19:30:00+00:00,6764.659324708802,False,-11.597950208815746,SELL
2026-01-07 15:30:00+00:00,6755.1571444500005,False,-9.502180258801673,SELL
2026-01-07 16:30:00+00:00,6747.802732748387,False,-7.3544117016135715,SELL
2026-01-07 17:30:00+00:00,6742.360211864172,False,-5.4425208842149,SELL
2026-01-07 18:30:00+00:00,6738.504778903269,False,-3.855432960903272,SELL
2026-01-07 19:30:00+00:00,6735.916906192608,False,-2.5878727106610313,SELL
2026-01-08 15:30:00+00:00,6734.29816694319,False,-1.6187392494175583,SELL
2026-01-08 16:30:00+00:00,6733.420219445252,False,-0.877947497938294,
2026-01-08 17:30:00+00:00,6733.139879128314,False,-0.28034031693823636,
2026-01-08 18:30:00+00:00,6733.1353575102985,False,-0.0045216180151328444,
2026-01-08 19:30:00+00:00,6732.959014407708,False,-0.17634310259018093,
2026-01-09 15:30:00+00:00,6732.215208244219,False,-0.7438061634893529,
2026-01-09 16:30:00+00:00,6730.6183234818745,False,-1.5968847623444162,SELL
2026-01-09 17:30:00+00:00,6727.771211338346,False,-2.8471121435286477,SELL
2026-01-09 18:30:00+00:00,6723.341532889521,False,-4.429678448825143,SELL
2026-01-09 19:30:00+00:00,6717.220769303036,False,-6.120763586484827,SELL
2026-01-12 15:30:00+00:00,6709.307184173551,False,-7.913585129485,SELL
2026-01-12 16:30:00+00:00,6700.570664565312,False,-8.736519608239178,SELL
2026-01-12 17:30:00+00:00,6691.957735849486,False,-8.612928715825547,SELL
2026-01-12 18:30:00+00:00,6683.768332021078,False,-8.189403828408103,SELL
2026-01-12 19:30:00+00:00,6676.074045365327,False,-7.694286655751057,SELL
2026-01-13 15:30:00+00:00,6669.078348692914,False,-6.9956966724130325,SELL
2026-01-13 16:30:00+00:00,6662.905586499255,False,-6.172762193658855,SELL
2026-01-13 17:30:00+00:00,6657.486427308118,False,-5.419159191136714,SELL
2026-01-13 18:30:00+00:00,6652.552588450606,False,-4.933838857512455,SELL
2026-01-13 19:30:00+00:00,6647.938277266163,False,-4.614311184443068,SELL
2026-01-14 14:30:00+00:00,6643.486744330265,False,-4.451532935898285,SELL
2026-01-14 15:30:00+00:00,6639.1248901516665,False,-4.361854178598151,SELL
2026-01-14 16:30:00+00:00,6634.847439509351,False,-4.277450642315671,SELL
2026-01-14 17:30:00+00:00,6630.551148791972,False,-4.296290717378724,SELL
2026-01-14 18:30:00+00:00,6626.324189550825,False,-4.226959241146687,SELL
2026-01-14 19:30:00+00:00,6622.302963929367,False,-4.021225621458143,SELL
2026-01-15 15:30:00+00:00,6618.333736915083,False,-3.9692270142841153,SELL
2026-01-15 16:30:00+00:00,6614.098488040909,False,-4.235248874174431,SELL
2026-01-15 17:30:00+00:00,6609.165402786399,False,-4.933085254509933,SELL
2026-01-15 18:30:00+00:00,6603.138085972227,False,-6.027316814172082,SELL
2026-01-15 19:30:00+00:00,6595.769355813565,False,-7.368730158661492,SELL
2026-01-16 15:30:00+00:00,6587.01324252726,False,-8.756113286304753,SELL
2026-01-16 16:30:00+00:00,6576.849398832244,False,-10.163843695016112,SELL
2026-01-16 17:30:00+00:00,6565.81665087532,False,-11.03274795692414,SELL
2026-01-16 18:30:00+00:00,6554.42066627118,False,-11.395984604139812,SELL
2026-01-16 19:30:00+00:00,6542.82723768038,False,-11.593428590800613,SELL
2026-01-16 20:30:00+00:00,6970.18212890625,True,427.35489122587023,BUY
2026-01-16 21:30:00+00:00,6992.2744140625,True,22.09228515625,BUY
2026-01-16 22:30:00+00:00,7020.00830078125,True,27.73388671875,BUY
2026-01-16 23:30:00+00:00,7044.611328125,True,24.60302734375,BUY
2026-01-19 00:30:00+00:00,7036.4404296875,True,-8.1708984375,SELL
2026-01-19 01:30:00+00:00,7032.912109375,True,-3.5283203125,SELL
2026-01-19 02:30:00+00:00,7029.7607421875,True,-3.1513671875,SELL
2026-01-19 03:30:00+00:00,7028.234375,True,-1.5263671875,SELL
2026-01-19 04:30:00+00:00,7030.2236328125,True,1.9892578125,BUY
2026-01-19 05:30:00+00:00,7024.16455078125,True,-6.05908203125,SELL
2026-01-19 06:30:00+00:00,7022.52783203125,True,-1.63671875,SELL
2026-01-19 07:30:00+00:00,7011.318359375,True,-11.20947265625,SELL
2026-01-19 08:30:00+00:00,7008.82177734375,True,-2.49658203125,SELL
2026-01-19 09:30:00+00:00,7000.4248046875,True,-8.39697265625,SELL
2026-01-19 10:30:00+00:00,7001.4736328125,True,1.048828125,
2026-01-19 11:30:00+00:00,6998.52880859375,True,-2.94482421875,SELL
2026-01-19 12:30:00+00:00,6993.02783203125,True,-5.5009765625,SELL
2026-01-19 13:30:00+00:00,6983.994140625,True,-9.03369140625,SELL
2026-01-19 14:30:00+00:00,6983.28076171875,True,-0.71337890625,
2026-01-19 15:30:00+00:00,6978.23583984375,True,-5.044921875,SELL
2026-01-19 16:30:00+00:00,6970.1865234375,True,-8.04931640625,SELL
2026-01-19 17:30:00+00:00,6965.75146484375,True,-4.43505859375,SELL
2026-01-19 18:30:00+00:00,6963.37109375,True,-2.38037109375,SELL
2026-01-19 19:30:00+00:00,6961.97314453125,True,-1.39794921875,SELL
2026-01-19 20:30:00+00:00,6956.0546875,True,-5.91845703125,SELL
2026-01-19 21:30:00+00:00,6955.9443359375,True,-0.1103515625,
2026-01-19 22:30:00+00:00,6952.662109375,True,-3.2822265625,SELL
2026-01-19 23:30:00+00:00,6952.1923828125,True,-0.4697265625,
2026-01-20 00:30:00+00:00,6947.837890625,True,-4.3544921875,SELL
2026-01-20 01:30:00+00:00,6945.861328125,True,-1.9765625,SELL
2026-01-20 02:30:00+00:00,6944.42919921875,True,-1.43212890625,SELL
2026-01-20 03:30:00+00:00,6940.5625,True,-3.86669921875,SELL
2026-01-20 04:30:00+00:00,6933.53369140625,True,-7.02880859375,SELL
2026-01-20 05:30:00+00:00,6926.39404296875,True,-7.1396484375,SELL
2026-01-20 06:30:00+00:00,6920.37744140625,True,-6.0166015625,SELL
2026-01-20 07:30:00+00:00,6914.51806640625,True,-5.859375,SELL
2026-01-20 08:30:00+00:00,6912.11669921875,True,-2.4013671875,SELL
2026-01-20 09:30:00+00:00,6906.7919921875,True,-5.32470703125,SELL
2026-01-20 10:30:00+00:00,6900.9970703125,True,-5.794921875,SELL
2026-01-20 11:30:00+00:00,6898.0302734375,True,-2.966796875,SELL
2026-01-20 12:30:00+00:00,6900.19775390625,True,2.16748046875,BUY
2026-01-20 13:30:00+00:00,6899.671875,True,-0.52587890625,
2026-01-20 14:30:00+00:00,6892.61669921875,True,-7.05517578125,SELL
2026-01-20 15:30:00+00:00,6893.61474609375,True,0.998046875,
2026-01-20 16:30:00+00:00,6890.90771484375,True,-2.70703125,SELL
2026-01-20 17:30:00+00:00,6886.02685546875,True,-4.880859375,SELL
2026-01-20 18:30:00+00:00,6881.89306640625,True,-4.1337890625,SELL
2026-01-20 19:30:00+00:00,6874.98974609375,True,-6.9033203125,SELL
2026-01-20 20:30:00+00:00,6876.5615234375,True,1.57177734375,BUY
2026-01-20 21:30:00+00:00,6880.99755859375,True,4.43603515625,BUY
2026-01-20 22:30:00+00:00,6872.427734375,True,-8.56982421875,SELL
2026-01-20 23:30:00+00:00,6867.60693359375,True,-4.82080078125,SELL
2026-01-21 00:30:00+00:00,6859.240234375,True,-8.36669921875,SELL
2026-01-21 01:30:00+00:00,6861.95068359375,True,2.71044921875,BUY
2026-01-21 02:30:00+00:00,6853.96923828125,True,-7.9814453125,SELL
2026-01-21 03:30:00+00:00,6849.56396484375,True,-4.4052734375,SELL
2026-01-21 04:30:00+00:00,6848.60546875,True,-0.95849609375,
2026-01-21 05:30:00+00:00,6837.56396484375,True,-11.04150390625,SELL
2026-01-21 06:30:00+00:00,6833.5673828125,True,-3.99658203125,SELL
2026-01-21 07:30:00+00:00,6828.96337890625,True,-4.60400390625,SELL
2026-01-21 08:30:00+00:00,6823.91015625,True,-5.05322265625,SELL
2026-01-21 09:30:00+00:00,6825.896484375,True,1.986328125,BUY
2026-01-21 10:30:00+00:00,6818.517578125,True,-7.37890625,SELL
2026-01-21 11:30:00+00:00,6810.02490234375,True,-8.49267578125,SELL
2026-01-21 12:30:00+00:00,6811.70654296875,True,1.681640625,BUY
2026-01-21 13:30:00+00:00,6809.12744140625,True,-2.5791015625,SELL
2026-01-21 14:30:00+00:00,6802.65576171875,True,-6.4716796875,SELL
2026-01-21 15:30:00+00:00,6799.11767578125,True,-3.5380859375,SELL
2026-01-21 16:30:00+00:00,6793.56103515625,True,-5.556640625,SELL
2026-01-21 17:30:00+00:00,6785.93359375,True,-7.62744140625,SELL
2026-01-21 18:30:00+00:00,6781.685546875,True,-4.248046875,SELL
2026-01-21 19:30:00+00:00,6773.97802734375,True,-7.70751953125,SELL
2026-01-21 20:30:00+00:00,6771.28173828125,True,-2.6962890625,SELL
2026-01-21 21:30:00+00:00,6768.4931640625,True,-2.78857421875,SELL
2026-01-21 22:30:00+00:00,6764.10107421875,True,-4.39208984375,SELL
2026-01-21 23:30:00+00:00,6759.564453125,True,-4.53662109375,SELL
2026-01-22 00:30:00+00:00,6757.54638671875,True,-2.01806640625,SELL
2026-01-22 01:30:00+00:00,6758.0595703125,True,0.51318359375,
2026-01-22 02:30:00+00:00,6752.02783203125,True,-6.03173828125,SELL
2026-01-22 03:30:00+00:00,6747.30322265625,True,-4.724609375,SELL
2026-01-22 04:30:00+00:00,6746.875,True,-0.42822265625,
2026-01-22 05:30:00+00:00,6742.4033203125,True,-4.4716796875,SELL
2026-01-22 06:30:00+00:00,6732.5771484375,True,-9.826171875,SELL
2026-01-22 07:30:00+00:00,6724.29443359375,True,-8.28271484375,SELL
2026-01-22 08:30:00+00:00,6722.84423828125,True,-1.4501953125,SELL
2026-01-22 09:30:00+00:00,6712.51123046875,True,-10.3330078125,SELL
2026-01-22 10:30:00+00:00,6706.73974609375,True,-5.771484375,SELL
2026-01-22 11:30:00+00:00,6700.1298828125,True,-6.60986328125,SELL
2026-01-22 12:30:00+00:00,6694.74072265625,True,-5.38916015625,SELL
2026-01-22 13:30:00+00:00,6685.056640625,True,-9.68408203125,SELL
2026-01-22 14:30:00+00:00,6679.939453125,True,-5.1171875,SELL
2026-01-22 15:30:00+00:00,6677.55517578125,True,-2.38427734375,SELL
2026-01-22 16:30:00+00:00,6677.28076171875,True,-0.2744140625,
2026-01-22 17:30:00+00:00,6682.96484375,True,5.68408203125,BUY
2026-01-22 18:30:00+00:00,6677.3046875,True,-5.66015625,SELL
2026-01-22 19:30:00+00:00,6673.21044921875,True,-4.09423828125,SELL
2026-01-22 20:30:00+00:00,6662.05810546875,True,-11.15234375,SELL
2026-01-22 21:30:00+00:00,6652.08984375,True,-9.96826171875,SELL
2026-01-22 22:30:00+00:00,6649.16162109375,True,-2.92822265625,SELL
2026-01-22 23:30:00+00:00,6648.15380859375,True,-1.0078125,
2026-01-23 00:30:00+00:00,6642.47802734375,True,-5.67578125,SELL
2026-01-23 01:30:00+00:00,6641.650390625,True,-0.82763671875,
2026-01-23 02:30:00+00:00,6637.6416015625,True,-4.0087890625,SELL
2026-01-23 03:30:00+00:00,6637.30419921875,True,-0.33740234375,
2026-01-23 04:30:00+00:00,6633.69189453125,True,-3.6123046875,SELL
2026-01-23 05:30:00+00:00,6634.40869140625,True,0.716796875,
2026-01-23 06:30:00+00:00,6627.87646484375,True,-6.5322265625,SELL
2026-01-23 07:30:00+00:00,6624.02734375,True,-3.84912109375,SELL
2026-01-23 08:30:00+00:00,6617.404296875,True,-6.623046875,SELL
2026-01-23 09:30:00+00:00,6614.3623046875,True,-3.0419921875,SELL
2026-01-23 10:30:00+00:00,6614.20361328125,True,-0.15869140625,
2026-01-23 11:30:00+00:00,6610.61083984375,True,-3.5927734375,SELL
2026-01-23 12:30:00+00:00,6603.10302734375,True,-7.5078125,SELL
2026-01-23 13:30:00+00:00,6600.88916015625,True,-2.2138671875,SELL
2026-01-23 14:30:00+00:00,6593.89990234375,True,-6.9892578125,SELL
2026-01-23 15:30:00+00:00,6591.541015625,True,-2.35888671875,SELL
2026-01-23 16:30:00+00:00,6590.48681640625,True,-1.05419921875,
2026-01-23 17:30:00+00:00,6584.783203125,True,-5.70361328125,SELL
2026-01-23 18:30:00+00:00,6586.9375,True,2.154296875,BUY
2026-01-23 19:30:00+00:00,6591.32080078125,True,4.38330078125,BUY
